text,contains_loss_word,source
전체상품목록 바로가기,0,main
본문 바로가기,0,main
로그인,0,main
회원가입,0,main
주문조회,0,main
반값 정기배송,0,main
전체상품,0,main
BEST,0,main
NEW,0,main
신봉선 다이어트,0,main
퀸와사비 나선욱 다이어트,0,main
이벤트,0,main
실제 섭취 후기,0,main
검색,0,main
마이페이지,0,main
장바구니,0,main
전체 제품보기,0,main
+ 자세히 보기,0,main
0,0,main
홈,0,main
이용약관,0,main
이용안내,0,main
[사업자정보확인],0,main
전체상품목록 바로가기,0,product991
본문 바로가기,0,product991
로그인,0,product991
회원가입,0,product991
주문조회,0,product991
반값 정기배송,0,product991
전체상품,0,product991
BEST,0,product991
NEW,0,product991
신봉선 다이어트,0,product991
퀸와사비 나선욱 다이어트,0,product991
이벤트,0,product991
실제 섭취 후기,0,product991
검색,0,product991
마이페이지,0,product991
장바구니,0,product991
관심상품등록,0,product991
장바구니,0,product991
바로구매,0,product991
"NAVER 네이버 ID로 간편구매 네이버페이
네이버페이 구매하기
찜하기
톡톡",0,product991
네이버페이 구매하기,0,product991
찜하기,0,product991
톡톡,0,product991
상품상세정보,0,product991
상품구매안내,0,product991
"상품사용후기 (210,615)",0,product991
상품Q&A,0,product991
단품1+1,0,product991
세트1+1,0,product991
상품상세정보,0,product991
상품구매안내,0,product991
"상품사용후기 (210,615)",0,product991
상품Q&A,0,product991
상품상세정보,0,product991
상품구매안내,0,product991
"상품사용후기 (210,615)",0,product991
상품Q&A,0,product991
상품상세정보,0,product991
상품구매안내,0,product991
"상품사용후기 (210,615)",0,product991
상품Q&A,0,product991
푸드올로지 건강관리사에게 문의합니다!,0,product991
푸드올로지 건강관리사에게 문의합니다!,0,product991
푸드올로지 건강관리사에게 문의합니다!,0,product991
푸드올로지 건강관리사에게 문의합니다!,0,product991
푸드올로지 건강관리사에게 문의합니다!,0,product991
상품문의하기,0,product991
모두 보기,0,product991
1,0,product991
2,0,product991
3,0,product991
4,0,product991
5,0,product991
0,0,product991
최근 본 상품,0,product991
홈,0,product991
이용약관,0,product991
이용안내,0,product991
[사업자정보확인],0,product991
전체상품목록 바로가기,0,product1302
본문 바로가기,0,product1302
로그인,0,product1302
회원가입,0,product1302
주문조회,0,product1302
반값 정기배송,0,product1302
전체상품,0,product1302
BEST,0,product1302
NEW,0,product1302
신봉선 다이어트,0,product1302
퀸와사비 나선욱 다이어트,0,product1302
이벤트,0,product1302
실제 섭취 후기,0,product1302
검색,0,product1302
마이페이지,0,product1302
장바구니,0,product1302
관심상품등록,0,product1302
장바구니,0,product1302
바로구매,0,product1302
"NAVER 네이버 ID로 간편구매 네이버페이
네이버페이 구매하기
찜하기
톡톡",0,product1302
네이버페이 구매하기,0,product1302
찜하기,0,product1302
톡톡,0,product1302
상품상세정보,0,product1302
상품구매안내,0,product1302
"상품사용후기 (145,849)",0,product1302
상품Q&A,0,product1302
2주 구성 SET 자세히 보러가기,0,product1302
콜레 티 PRO 자세히 보기,0,product1302
콜레 컷팅 젤리 자세히 보기,0,product1302
콜레 컷 PRO 자세히 보기,0,product1302
상품상세정보,0,product1302
상품구매안내,0,product1302
"상품사용후기 (145,849)",0,product1302
상품Q&A,0,product1302
상품상세정보,0,product1302
상품구매안내,0,product1302
"상품사용후기 (145,849)",0,product1302
상품Q&A,0,product1302
상품상세정보,0,product1302
상품구매안내,0,product1302
"상품사용후기 (145,849)",0,product1302
상품Q&A,0,product1302
푸드올로지 건강관리사에게 문의합니다!,0,product1302
푸드올로지 건강관리사에게 문의합니다!,0,product1302
푸드올로지 건강관리사에게 문의합니다!,0,product1302
푸드올로지 건강관리사에게 문의합니다!,0,product1302
푸드올로지 건강관리사에게 문의합니다!,0,product1302
상품문의하기,0,product1302
모두 보기,0,product1302
1,0,product1302
2,0,product1302
3,0,product1302
4,0,product1302
0,0,product1302
최근 본 상품,0,product1302
홈,0,product1302
이용약관,0,product1302
이용안내,0,product1302
[사업자정보확인],0,product1302
전체상품목록 바로가기,0,product233
본문 바로가기,0,product233
로그인,0,product233
회원가입,0,product233
주문조회,0,product233
반값 정기배송,0,product233
전체상품,0,product233
BEST,0,product233
NEW,0,product233
신봉선 다이어트,0,product233
퀸와사비 나선욱 다이어트,0,product233
이벤트,0,product233
실제 섭취 후기,0,product233
검색,0,product233
마이페이지,0,product233
장바구니,0,product233
관심상품등록,0,product233
장바구니,0,product233
바로구매,0,product233
"NAVER 네이버 ID로 간편구매 네이버페이
네이버페이 구매하기
찜하기
톡톡",0,product233
네이버페이 구매하기,0,product233
찜하기,0,product233
톡톡,0,product233
상품상세정보,0,product233
상품구매안내,0,product233
"상품사용후기 (126,491)",0,product233
상품Q&A,0,product233
상품상세정보,0,product233
상품구매안내,0,product233
"상품사용후기 (126,491)",0,product233
상품Q&A,0,product233
상품상세정보,0,product233
상품구매안내,0,product233
"상품사용후기 (126,491)",0,product233
상품Q&A,0,product233
상품상세정보,0,product233
상품구매안내,0,product233
"상품사용후기 (126,491)",0,product233
상품Q&A,0,product233
푸드올로지 건강관리사에게 문의합니다!,0,product233
푸드올로지 건강관리사에게 문의합니다!,0,product233
푸드올로지 건강관리사에게 문의합니다!,0,product233
푸드올로지 건강관리사에게 문의합니다!,0,product233
푸드올로지 건강관리사에게 문의합니다!,0,product233
상품문의하기,0,product233
모두 보기,0,product233
1,0,product233
2,0,product233
3,0,product233
4,0,product233
5,0,product233
0,0,product233
최근 본 상품,0,product233
홈,0,product233
이용약관,0,product233
이용안내,0,product233
[사업자정보확인],0,product233
전체상품목록 바로가기,0,product221
본문 바로가기,0,product221
로그인,0,product221
회원가입,0,product221
주문조회,0,product221
반값 정기배송,0,product221
전체상품,0,product221
BEST,0,product221
NEW,0,product221
신봉선 다이어트,0,product221
퀸와사비 나선욱 다이어트,0,product221
이벤트,0,product221
실제 섭취 후기,0,product221
검색,0,product221
마이페이지,0,product221
장바구니,0,product221
관심상품등록,0,product221
장바구니,0,product221
바로구매,0,product221
"NAVER 네이버 ID로 간편구매 네이버페이
네이버페이 구매하기
찜하기
톡톡",0,product221
네이버페이 구매하기,0,product221
찜하기,0,product221
톡톡,0,product221
상품상세정보,0,product221
상품구매안내,0,product221
"상품사용후기 (202,638)",0,product221
상품Q&A,0,product221
상품상세정보,0,product221
상품구매안내,0,product221
"상품사용후기 (202,638)",0,product221
상품Q&A,0,product221
상품상세정보,0,product221
상품구매안내,0,product221
"상품사용후기 (202,638)",0,product221
상품Q&A,0,product221
상품상세정보,0,product221
상품구매안내,0,product221
"상품사용후기 (202,638)",0,product221
상품Q&A,0,product221
푸드올로지 건강관리사에게 문의합니다!,0,product221
푸드올로지 건강관리사에게 문의합니다!,0,product221
푸드올로지 건강관리사에게 문의합니다!,0,product221
푸드올로지 건강관리사에게 문의합니다!,0,product221
푸드올로지 건강관리사에게 문의합니다!,0,product221
상품문의하기,0,product221
모두 보기,0,product221
1,0,product221
2,0,product221
3,0,product221
4,0,product221
5,0,product221
0,0,product221
최근 본 상품,0,product221
홈,0,product221
이용약관,0,product221
이용안내,0,product221
[사업자정보확인],0,product221
전체상품목록 바로가기,0,product1303
본문 바로가기,0,product1303
로그인,0,product1303
회원가입,0,product1303
주문조회,0,product1303
반값 정기배송,0,product1303
전체상품,0,product1303
BEST,0,product1303
NEW,0,product1303
신봉선 다이어트,0,product1303
퀸와사비 나선욱 다이어트,0,product1303
이벤트,0,product1303
실제 섭취 후기,0,product1303
검색,0,product1303
마이페이지,0,product1303
장바구니,0,product1303
관심상품등록,0,product1303
장바구니,0,product1303
바로구매,0,product1303
"NAVER 네이버 ID로 간편구매 네이버페이
네이버페이 구매하기
찜하기
톡톡",0,product1303
네이버페이 구매하기,0,product1303
찜하기,0,product1303
톡톡,0,product1303
상품상세정보,0,product1303
상품구매안내,0,product1303
"상품사용후기 (63,324)",0,product1303
상품Q&A,0,product1303
2주 구성 SET 자세히 보러가기,0,product1303
맨올로지 컷 PRO 자세히 보기,0,product1303
버닝올로지 티 자세히 보기,0,product1303
상품상세정보,0,product1303
상품구매안내,0,product1303
"상품사용후기 (63,324)",0,product1303
상품Q&A,0,product1303
상품상세정보,0,product1303
상품구매안내,0,product1303
"상품사용후기 (63,324)",0,product1303
상품Q&A,0,product1303
상품상세정보,0,product1303
상품구매안내,0,product1303
"상품사용후기 (63,324)",0,product1303
상품Q&A,0,product1303
푸드올로지 건강관리사에게 문의합니다!,0,product1303
푸드올로지 건강관리사에게 문의합니다!,0,product1303
푸드올로지 건강관리사에게 문의합니다!,0,product1303
푸드올로지 건강관리사에게 문의합니다!,0,product1303
상품문의하기,0,product1303
모두 보기,0,product1303
1,0,product1303
0,0,product1303
최근 본 상품,0,product1303
홈,0,product1303
이용약관,0,product1303
이용안내,0,product1303
[사업자정보확인],0,product1303
전체상품목록 바로가기,0,product1286
본문 바로가기,0,product1286
로그인,0,product1286
회원가입,0,product1286
주문조회,0,product1286
반값 정기배송,0,product1286
전체상품,0,product1286
BEST,0,product1286
NEW,0,product1286
신봉선 다이어트,0,product1286
퀸와사비 나선욱 다이어트,0,product1286
이벤트,0,product1286
실제 섭취 후기,0,product1286
검색,0,product1286
마이페이지,0,product1286
장바구니,0,product1286
관심상품등록,0,product1286
장바구니,0,product1286
바로구매,0,product1286
"NAVER 네이버 ID로 간편구매 네이버페이
네이버페이 구매하기
찜하기
톡톡",0,product1286
네이버페이 구매하기,0,product1286
찜하기,0,product1286
톡톡,0,product1286
상품상세정보,0,product1286
상품구매안내,0,product1286
상품사용후기 (774),0,product1286
상품Q&A,0,product1286
콜레올로지 컷 다이어트 유산균,0,product1286
버닝올로지 올인원,0,product1286
상품상세정보,0,product1286
상품구매안내,0,product1286
상품사용후기 (774),0,product1286
상품Q&A,0,product1286
상품상세정보,0,product1286
상품구매안내,0,product1286
상품사용후기 (774),0,product1286
상품Q&A,0,product1286
상품상세정보,0,product1286
상품구매안내,0,product1286
상품사용후기 (774),0,product1286
상품Q&A,0,product1286
푸드올로지 건강관리사에게 문의합니다!,0,product1286
푸드올로지 건강관리사에게 문의합니다!,0,product1286
푸드올로지 건강관리사에게 문의합니다!,0,product1286
푸드올로지 건강관리사에게 문의합니다!,0,product1286
푸드올로지 건강관리사에게 문의합니다!,0,product1286
상품문의하기,0,product1286
모두 보기,0,product1286
1,0,product1286
2,0,product1286
3,0,product1286
4,0,product1286
5,0,product1286
0,0,product1286
최근 본 상품,0,product1286
홈,0,product1286
이용약관,0,product1286
이용안내,0,product1286
[사업자정보확인],0,product1286
